fecha,dolar
1992-02-01,0.9911896551724138
1992-03-01,0.9920225806451612
1992-04-01,0.9910433333333332
1992-05-01,0.991
1992-06-01,0.9912233333333332
1992-07-01,0.9911193548387096
1992-08-01,0.991048387096774
1992-09-01,0.9911066666666666
1992-10-01,0.991
1992-11-01,0.99411
1992-12-01,0.9919354838709676
1993-01-01,0.9994322580645162
1993-02-01,0.9997535714285714
1993-03-01,0.999725806451613
1993-04-01,0.99925
1993-05-01,0.9994903225806452
1993-06-01,0.9992533333333334
1993-07-01,0.9990225806451608
1993-08-01,0.9995064516129032
1993-09-01,0.99995
1993-10-01,0.9996548387096776
1993-11-01,0.9991499999999998
1993-12-01,0.9989999999999996
1994-01-01,0.999416129032258
1994-02-01,0.999375
1994-03-01,0.9998806451612904
1994-04-01,0.9998266666666666
1994-05-01,0.9991096774193544
1994-06-01,0.9990166666666664
1994-07-01,0.9991032258064516
1994-08-01,0.9995967741935484
1994-09-01,0.9998266666666666
1994-10-01,0.9995967741935484
1994-11-01,0.9999033333333334
1994-12-01,0.9992258064516129
1995-01-01,0.999916129032258
1995-02-01,1.0
1995-03-01,1.0
1995-04-01,1.0
1995-05-01,1.0
1995-06-01,1.0
1995-07-01,1.0
1995-08-01,1.0
1995-09-01,1.0
1995-10-01,1.0
1995-11-01,1.0
1995-12-01,1.0
1996-01-01,1.0
1996-02-01,1.0
1996-03-01,1.0
1996-04-01,1.0
1996-05-01,1.0
1996-06-01,1.0
1996-07-01,1.0
1996-08-01,1.0
1996-09-01,1.0
1996-10-01,1.0
1996-11-01,1.0
1996-12-01,1.0
1997-01-01,1.0
1997-02-01,1.0
1997-03-01,1.0
1997-04-01,1.0
1997-05-01,1.0
1997-06-01,1.0
1997-07-01,1.0
1997-08-01,1.0
1997-09-01,1.0
1997-10-01,1.0
1997-11-01,1.0
1997-12-01,1.0
1998-01-01,1.0
1998-02-01,1.0
1998-03-01,1.0
1998-04-01,1.0
1998-05-01,1.0
1998-06-01,1.0
1998-07-01,1.0
1998-08-01,1.0
1998-09-01,1.0
1998-10-01,1.0
1998-11-01,1.0
1998-12-01,1.0
1999-01-01,1.0
1999-02-01,1.0
1999-03-01,1.0
1999-04-01,1.0
1999-05-01,1.0
1999-06-01,1.0
1999-07-01,1.0
1999-08-01,1.0
1999-09-01,1.0
1999-10-01,1.0
1999-11-01,1.0
1999-12-01,1.0
2000-01-01,1.0
2000-02-01,1.0
2000-03-01,1.0
2000-04-01,1.0
2000-05-01,1.0
2000-06-01,1.0
2000-07-01,1.0
2000-08-01,1.0
2000-09-01,1.0
2000-10-01,1.0
2000-11-01,1.0
2000-12-01,1.0
2001-01-01,1.0
2001-02-01,1.0
2001-03-01,1.0
2001-04-01,1.0
2001-05-01,1.0
2001-06-01,1.0
2001-07-01,1.0
2001-08-01,1.0
2001-09-01,1.0
2001-10-01,1.0
2001-11-01,1.0
2001-12-01,1.0
2002-01-01,1.6006451612903223
2002-02-01,2.007142857142857
2002-03-01,2.4993548387096776
2002-04-01,2.962666666666668
2002-05-01,3.3231034482758623
2002-06-01,3.654444444444444
2002-07-01,3.615806451612903
2002-08-01,3.6283870967741936
2002-09-01,3.655333333333333
2002-10-01,3.669032258064516
2002-11-01,3.537931034482759
2002-12-01,3.4938709677419366
2003-01-01,3.2622580645161285
2003-02-01,3.171785714285714
2003-03-01,3.075806451612904
2003-04-01,2.8956666666666657
2003-05-01,2.841870967741935
2003-06-01,2.812866666666667
2003-07-01,2.8000967741935474
2003-08-01,2.928225806451613
2003-09-01,2.9181000000000004
2003-10-01,2.8548709677419355
2003-11-01,2.887266666666667
2003-12-01,2.958290322580646
2004-01-01,2.898064516129032
2004-02-01,2.9315862068965526
2004-03-01,2.896903225806451
2004-04-01,2.832233333333334
2004-05-01,2.921032258064516
2004-06-01,2.961533333333333
2004-07-01,2.9565483870967744
2004-08-01,3.014903225806451
2004-09-01,2.995466666666666
2004-10-01,2.968838709677419
2004-11-01,2.953333333333333
2004-12-01,2.9715806451612905
2005-01-01,2.9467419354838715
2005-02-01,2.919321428571429
2005-03-01,2.924225806451613
2005-04-01,2.9018333333333337
2005-05-01,2.891193548387097
2005-06-01,2.883766666666666
2005-07-01,2.868741935483871
2005-08-01,2.88883870967742
2005-09-01,2.9113
2005-10-01,2.965612903225806
2005-11-01,2.9652000000000003
2005-12-01,3.0142258064516123
2006-01-01,3.046935483870968
2006-02-01,3.0699642857142857
2006-03-01,3.077096774193548
2006-04-01,3.068233333333333
2006-05-01,3.0560322580645147
2006-06-01,3.0814
2006-07-01,3.082
2006-08-01,3.0796129032258057
2006-09-01,3.0999
2006-10-01,3.098419354838709
2006-11-01,3.075
2006-12-01,3.0596129032258066
2007-01-01,3.0856774193548384
2007-02-01,3.102928571428571
2007-03-01,3.1016774193548384
2007-04-01,3.0915000000000004
2007-05-01,3.080677419354839
2007-06-01,3.0791666666666666
2007-07-01,3.1118387096774187
2007-08-01,3.1531612903225814
2007-09-01,3.148433333333334
2007-10-01,3.160161290322581
2007-11-01,3.1349666666666662
2007-12-01,3.140903225806452
2008-01-01,3.144709677419356
2008-02-01,3.158724137931035
2008-03-01,3.156225806451614
2008-04-01,3.166666666666667
2008-05-01,3.150967741935484
2008-06-01,3.0462333333333333
2008-07-01,3.0224516129032257
2008-08-01,3.033967741935484
2008-09-01,3.0846
2008-10-01,3.245967741935485
2008-11-01,3.3313666666666677
2008-12-01,3.429290322580645
2009-01-01,3.463451612903225
2009-02-01,3.512785714285714
2009-03-01,3.656
2009-04-01,3.690833333333333
2009-05-01,3.727290322580645
2009-06-01,3.7703
2009-07-01,3.808903225806451
2009-08-01,3.839322580645161
2009-09-01,3.8428333333333327
2009-10-01,3.8266451612903216
2009-11-01,3.8110666666666666
2009-12-01,3.805096774193548
2010-01-01,3.80516129032258
2010-02-01,3.851071428571428
2010-03-01,3.862806451612904
2010-04-01,3.8755000000000006
2010-05-01,3.9022903225806456
2010-06-01,3.925866666666667
2010-07-01,3.934677419354838
2010-08-01,3.937451612903226
2010-09-01,3.951733333333333
2010-10-01,3.9566774193548375
2010-11-01,3.968833333333334
2010-12-01,3.976677419354838
2011-01-01,3.982774193548388
2011-02-01,4.022535714285714
2011-03-01,4.036548387096775
2011-04-01,4.066633333333332
2011-05-01,4.083806451612904
2011-06-01,4.095633333333333
2011-07-01,4.127741935483871
2011-08-01,4.168838709677419
2011-09-01,4.204
2011-10-01,4.221225806451614
2011-11-01,4.261233333333334
2011-12-01,4.287709677419354
2012-01-01,4.32016129032258
2012-02-01,4.347241379310345
2012-03-01,4.356096774193548
2012-04-01,4.3981
2012-05-01,4.450225806451614
2012-06-01,4.505666666666666
2012-07-01,4.552935483870969
2012-08-01,4.609870967741935
2012-09-01,4.671233333333333
2012-10-01,4.729903225806451
2012-11-01,4.796333333333333
2012-12-01,4.882290322580644
2013-01-01,4.948483870967743
2013-02-01,5.009571428571428
2013-03-01,5.088290322580648
2013-04-01,5.153733333333334
2013-05-01,5.2370322580645166
2013-06-01,5.331466666666668
2013-07-01,5.441096774193547
2013-08-01,5.581935483870968
2013-09-01,5.736533333333331
2013-10-01,5.848096774193548
2013-11-01,6.0157
2013-12-01,6.3408709677419335
2014-01-01,7.068451612903225
2014-02-01,7.852071428571429
2014-03-01,7.926903225806451
2014-04-01,8.000633333333335
2014-05-01,8.03841935483871
2014-06-01,8.125166666666667
2014-07-01,8.159161290322581
2014-08-01,8.317483870967743
2014-09-01,8.41756666666667
2014-10-01,8.475322580645162
2014-11-01,8.513133333333334
2014-12-01,8.550709677419354
2015-01-01,8.60041935483871
2015-02-01,8.685678571428571
2015-03-01,8.781645161290323
2015-04-01,8.862166666666665
2015-05-01,8.94909677419355
2015-06-01,9.043233333333337
2015-07-01,9.14051612903226
2015-08-01,9.24209677419355
2015-09-01,9.36656666666667
2015-10-01,9.488419354838706
2015-11-01,9.627933333333331
2015-12-01,11.365096774193548
2016-01-01,13.617096774193548
2016-02-01,14.833034482758624
2016-03-01,14.892064516129032
2016-04-01,14.387
2016-05-01,14.112645161290326
2016-06-01,14.150933333333334
2016-07-01,14.894677419354837
2016-08-01,14.835612903225806
2016-09-01,15.103233333333332
2016-10-01,15.182516129032257
2016-11-01,15.366266666666668
2016-12-01,15.847935483870968
2017-01-01,15.898387096774192
2017-02-01,15.580357142857148
2017-03-01,15.52348387096774
2017-04-01,15.347166666666665
2017-05-01,15.719516129032256
2017-06-01,16.09783333333333
2017-07-01,17.170225806451615
2017-08-01,17.43
2017-09-01,17.222933333333334
2017-10-01,17.452290322580644
2017-11-01,17.486933333333337
2017-12-01,17.733290322580643
2018-01-01,19.025935483870967
2018-02-01,19.832857142857144
2018-03-01,20.23
2018-04-01,20.250599999999995
2018-05-01,23.599290322580647
2018-06-01,26.651200000000006
2018-07-01,27.59864516129032
2018-08-01,29.92983870967742
2018-09-01,38.47773333333334
2018-10-01,37.04241935483872
2018-11-01,36.35133333333333
2018-12-01,37.81625806451613
2019-01-01,37.35112903225807
2019-02-01,38.34389285714286
2019-03-01,41.31612903225807
2019-04-01,43.214333333333336
2019-05-01,44.82387096774193
2019-06-01,43.73500000000001
2019-07-01,42.46799999999999
2019-08-01,52.242870967741936
2019-09-01,56.68719999999999
2019-10-01,58.52183870967743
2019-11-01,59.70953333333333
2019-12-01,59.87848387096775
2020-01-01,59.98438709677419
2020-02-01,61.34255172413793
2020-03-01,63.24812903225808
2020-04-01,65.67726666666667
2020-05-01,67.70903225806451
2020-06-01,69.55066666666669
2020-07-01,71.38290322580647
2020-08-01,73.25096774193547
2020-09-01,75.18099999999998
2020-10-01,77.5551612903226
2020-11-01,79.90100000000001
2020-12-01,82.63806451612905
2021-01-01,85.84322580645161
2021-02-01,88.72214285714288
2021-03-01,91.09451612903226
2021-04-01,92.73433333333332
2021-05-01,94.09387096774194
2021-06-01,95.25433333333332
2021-07-01,96.2051612903226
2021-08-01,97.1932258064516
2021-09-01,98.25966666666665
2021-10-01,99.2148387096774
2021-11-01,100.326
2021-12-01,101.87548387096774
2022-01-01,103.92032258064516
2022-02-01,106.37714285714284
2022-03-01,109.3667741935484
2022-04-01,113.18733333333331
2022-05-01,117.77548387096776
2022-06-01,122.664
2022-07-01,128.3874193548387
2022-08-01,135.28967741935483
2022-09-01,143.09233333333333
2022-10-01,152.04967741935488
2022-11-01,162.0656666666667
2022-12-01,172.41225806451612
2023-01-01,182.05741935483863
2023-02-01,191.9714285714286
2023-03-01,202.91806451612905
2023-04-01,215.7903333333333
2023-05-01,231.08806451612904
2023-06-01,248.36333333333332
2023-07-01,266.0241935483871
2023-08-01,321.62261290322584
2023-09-01,350.0116966666666
2023-10-01,350.0048935483871
2023-11-01,353.45338333333336
2023-12-01,636.4162032258067
2024-01-01,817.8759032258066
2024-02-01,834.0932034482757
2024-03-01,850.7581580645162
2024-04-01,868.1501000000002
2024-05-01,885.8226
2024-06-01,904.0916666666668
2024-07-01,923.5967741935484
2024-08-01,942.8387096774194
2024-09-01,962.15
2024-10-01,981.4032258064516
2024-11-01,1001.3333333333334
2024-12-01,1021.9354838709676
2025-01-01,1042.854838709677
2025-02-01,1058.1125
2025-03-01,1068.782258064516
2025-04-01,1120.7
2025-05-01,1150.0645161290322
2025-06-01,1179.4
2025-07-01,1268.016129032258
2025-08-01,1328.0645161290322
2025-09-01,1403.6166666666666
2025-10-01,1437.3387096774193
2025-11-01,1428.65
2025-12-01,1447.1290322580646
2026-01-01,1449.548387096774
2026-02-01,1407.678571428571
2026-03-01,1395.967741935484
2026-04-01,1382.4666666666667
2026-05-01,1398.1612903225807
2026-06-01,1450.3333333333333
2026-07-01,1481.6935483870968
2026-08-01,1477.5
