fecha,emae,emae_desest
2004-01-01,92.62750602691052,98.5318118721329
2004-02-01,90.1861793165596,98.02704245284784
2004-03-01,101.88329804238072,97.51832921205929
2004-04-01,102.5674302511826,95.45367398805416
2004-05-01,109.87750394051662,96.92320511742082
2004-06-01,105.66240620209852,98.51378468037176
2004-07-01,101.1069972900212,100.92681699614886
2004-08-01,98.35573694243756,102.1001840550244
2004-09-01,98.08637453469638,102.31541564700828
2004-10-01,97.8356659809799,103.23789360922495
2004-11-01,100.1319466812214,103.42962763693126
2004-12-01,101.67895479099536,103.02221473277548
2005-01-01,98.473359529179,105.85271124682436
2005-02-01,96.11886613343404,105.97357979639412
2005-03-01,110.65642586719524,106.82368025618256
2005-04-01,116.54519048214908,108.09660602523924
2005-05-01,126.66194335502726,108.98270317814443
2005-06-01,116.50222321492876,108.5960599379108
2005-07-01,107.58113926245956,109.16338851760784
2005-08-01,105.82089279310112,109.30960960615556
2005-09-01,104.89213472672316,109.2726022021911
2005-10-01,104.4606653849844,109.9934354975062
2005-11-01,108.00375438454834,111.1467861309117
2005-12-01,110.50332389924424,113.00875705981052
2006-01-01,106.53094787692405,113.87967841770516
2006-02-01,104.0901370432872,114.5941914175268
2006-03-01,118.58827645043104,114.4158610887212
2006-04-01,122.08710730131628,115.87147613356898
2006-05-01,133.37101567477424,115.01349296587073
2006-06-01,124.29274775102324,116.32261455282357
2006-07-01,117.0456318535268,118.09034123421964
2006-08-01,116.30360797574892,118.76539723697849
2006-09-01,114.80248033323907,119.83234906136028
2006-10-01,116.47750825324565,120.48481916522
2006-11-01,118.14078229406633,120.7969658212205
2006-12-01,119.60317208093002,123.26622824916588
2007-01-01,114.70176482722368,122.22460411575972
2007-02-01,112.74324828605302,124.44233957173404
2007-03-01,129.28276498944658,126.49536873681612
2007-04-01,133.46308313008805,125.37473862914322
2007-05-01,147.60791074167545,127.21717929360057
2007-06-01,136.12098630494512,128.5448445513741
2007-07-01,127.3875518979554,127.55392612201268
2007-08-01,126.59522767863,128.92573666362583
2007-09-01,123.5104632944452,129.6096887576515
2007-10-01,128.41538266104467,131.25947502743148
2007-11-01,129.73508945617357,132.8429096413998
2007-12-01,128.89792837498598,133.9705910290607
2008-01-01,126.22689251081432,135.3936546117934
2008-02-01,122.8249045091645,133.26963508506316
2008-03-01,132.33412728743554,133.33380340461397
2008-04-01,145.28049855207212,135.56678493278469
2008-05-01,154.15616391286648,135.01767081258606
2008-06-01,140.50348421669764,133.43286610587108
2008-07-01,136.63868805371584,135.26423764639168
2008-08-01,131.34092143552698,135.8106360277523
2008-09-01,132.18593848988462,135.77782281360106
2008-10-01,130.39517884255912,132.77007696393036
2008-11-01,125.52756329262156,130.371407837739
2008-12-01,123.46600579407662,124.87177117242462
2009-01-01,116.7584192020652,124.64114337388504
2009-02-01,114.85886148592792,126.0508982685594
2009-03-01,126.16560261026108,123.29275201893296
2009-04-01,127.9905588745035,121.794513409679
2009-05-01,133.03567047814315,121.19173581324908
2009-06-01,129.31265804805898,122.44087402452016
2009-07-01,127.3630583750141,124.86307277325744
2009-08-01,124.00328620894652,126.7377173461809
2009-09-01,126.18512812472764,128.1044966726025
2009-10-01,127.07986188269524,129.36736638142773
2009-11-01,127.09219178029132,129.7532779548078
2009-12-01,126.28656380555832,127.89401332563344
2010-01-01,121.50567852923164,131.98438809519917
2010-02-01,119.82280209203972,132.9869536195466
2010-03-01,136.89550162046118,133.84997446290157
2010-04-01,145.77413149301782,136.9299606339092
2010-05-01,158.1106315304388,139.16710867937442
2010-06-01,149.86155200805445,140.54864042902236
2010-07-01,139.50568662872732,139.46698075145412
2010-08-01,137.24598068715568,139.8426539535663
2010-09-01,136.69642672162283,139.4534863528754
2010-10-01,135.13884450692316,140.27290517910217
2010-11-01,139.59882328372225,142.09153510603846
2010-12-01,138.47764951271685,142.03912188693636
2011-01-01,133.0769197185519,145.91595328992335
2011-02-01,129.50988684262188,143.77867229265115
2011-03-01,147.00183909502377,144.8647832527435
2011-04-01,151.03582303961804,144.9869944701244
2011-05-01,166.17834208101743,147.02982022582762
2011-06-01,156.69365851225533,146.91454029538704
2011-07-01,146.37808828046835,147.21308953081672
2011-08-01,146.3985053847187,146.82014175600256
2011-09-01,147.170906821271,148.33747641709851
2011-10-01,145.0500024277993,147.21861518821677
2011-11-01,146.3616451241655,147.18227109851492
2011-12-01,143.36165785374328,147.95491793194262
2012-01-01,136.19408129361287,147.62762416221165
2012-02-01,132.3605259407412,144.77987693060948
2012-03-01,147.44101624495764,145.424297807033
2012-04-01,145.52027831854522,141.93788682499098
2012-05-01,157.40418371936033,140.20358082737647
2012-06-01,149.0331017415051,140.83845890702304
2012-07-01,146.86279961903688,144.650340436018
2012-08-01,145.69325698881013,145.19091282325095
2012-09-01,142.47153651731426,146.20223519330193
2012-10-01,147.23130295530083,146.94328153044827
2012-11-01,146.37343184468628,147.0945470582242
2012-12-01,143.58505809958143,149.27753134514953
2013-01-01,136.51707182504433,145.84574177900873
2013-02-01,132.795321964955,148.71302572494164
2013-03-01,149.40394566736484,148.79466962851436
2013-04-01,155.94159584157654,148.41491109315837
2013-05-01,167.9734791225302,148.500264150766
2013-06-01,156.27186443024067,149.14814609815377
2013-07-01,150.73100129825897,148.04898354910088
2013-08-01,148.42144953050052,150.24330818963534
2013-09-01,147.0048441881334,150.19897542847826
2013-10-01,148.6939593959755,148.8205306701404
2013-11-01,145.69589762827002,148.18751590724608
2013-12-01,142.5768791271264,147.11123837655563
2014-01-01,137.96969739537636,145.6311783686547
2014-02-01,132.48630687243056,146.56058177374453
2014-03-01,144.53782808347017,145.40722856889062
2014-04-01,152.34143546147135,145.03373422858402
2014-05-01,164.20324390256107,145.3491156847489
2014-06-01,153.80352402990053,144.53580848108774
2014-07-01,145.4228137340859,144.00190487572476
2014-08-01,140.10530396605887,143.72695819561335
2014-09-01,141.71873319955728,143.4381952271876
2014-10-01,143.3493974176129,143.9538562955942
2014-11-01,140.8775968982631,144.78291326676705
2014-12-01,140.4359377491282,144.8303443045974
2015-01-01,133.99818907035032,144.31497986911563
2015-02-01,132.627886955774,148.15501563243222
2015-03-01,149.4090129833281,147.46827517173384
2015-04-01,157.4845995373143,149.82748230110025
2015-05-01,168.88610058983411,149.82374458820362
2015-06-01,162.93739000912225,150.41836340744993
2015-07-01,151.8447963430633,150.62555602405104
2015-08-01,146.46506720486232,150.27833214056014
2015-09-01,145.88232371860067,148.97963079165334
2015-10-01,147.04587615341626,149.3637856082429
2015-11-01,146.175581385648,148.52065748311065
2015-12-01,141.9421187346255,146.92312024489777
2016-01-01,134.74645041349706,147.887593170922
2016-02-01,134.2323610386252,146.9283020597886
2016-03-01,150.0878942366954,145.941668237428
2016-04-01,153.25067436662908,144.90155238631286
2016-05-01,163.51360808690507,144.3862971154904
2016-06-01,153.66209524099784,144.4045978214091
2016-07-01,143.73110098180126,144.59024864061172
2016-08-01,143.6741026486049,145.51215513350996
2016-09-01,142.00773744282046,145.13482821110247
2016-10-01,141.1368632980814,145.1063094326301
2016-11-01,144.93832064073018,145.6975240645707
2016-12-01,142.59014516031914,147.08027784656963
2017-01-01,136.63265948316212,146.8861511920682
2017-02-01,132.15851633982274,146.91673027111494
2017-03-01,152.6209585590573,147.78747172353522
2017-04-01,151.94634480448738,147.80521427639877
2017-05-01,168.3892094693678,148.53885216159358
2017-06-01,161.03568546945232,150.3065796819617
2017-07-01,150.30605012392,150.41811439036874
2017-08-01,149.2553427738411,150.36099655674727
2017-09-01,146.38655965775385,151.27260879655293
2017-10-01,149.38594966601454,151.55523864503513
2017-11-01,151.92604285202697,152.67042574504046
2017-12-01,146.7833849092245,152.30832124827532
2018-01-01,142.74091260617223,150.8164785477397
2018-02-01,138.81804035165743,152.31300321897666
2018-03-01,155.85731953576973,151.64408973312376
2018-04-01,151.52454398394343,146.8445772433043
2018-05-01,159.5666923779167,144.54354601439613
2018-06-01,151.12576323345522,143.27773048362042
2018-07-01,145.9635244300046,143.47840462948142
2018-08-01,146.76596003413968,146.6859767064804
2018-09-01,137.746569718648,143.06658186535478
2018-10-01,142.8432759845676,143.48138739235543
2018-11-01,140.59240732533567,141.69639549597727
2018-12-01,136.25161596905636,141.9484547852458
2019-01-01,134.5362398566958,141.3468168733616
2019-02-01,132.2678886127366,143.7521766040946
2019-03-01,144.96325495574916,142.33422947253123
2019-04-01,149.9162214035227,142.53281997752035
2019-05-01,164.1356990759204,145.02221705182123
2019-06-01,150.85897174113128,143.99907879678125
2019-07-01,146.77702964007034,145.82398411185972
2019-08-01,141.27693468084036,144.88827244423732
2019-09-01,134.87706647993653,140.44516327540947
2019-10-01,141.6393366170138,143.79187156014729
2019-11-01,137.77182966933145,140.86717496872228
2019-12-01,135.76515452763502,139.98182267819982
2020-01-01,133.8910860895724,141.0272280122697
2020-02-01,128.97363874659823,139.69021424767496
2020-03-01,128.21106074025667,125.81858245148824
2020-04-01,113.29503444580156,106.13633643303258
2020-05-01,131.02956919734916,117.33435908923668
2020-06-01,132.52196526648777,124.18693388507192
2020-07-01,127.46368946979403,126.39019367275476
2020-08-01,125.18389375984655,128.75881140508946
2020-09-01,127.17507609335286,130.59946668347575
2020-10-01,131.34550189452798,133.44789400258284
2020-11-01,132.0686552529967,134.68442065803782
2020-12-01,133.85436559460618,136.93909650977974
2021-01-01,131.52153739731895,139.82109534931803
2021-02-01,126.2392669683642,138.3977793773793
2021-03-01,145.9569001036472,140.84149978974523
2021-04-01,147.2808440187596,139.5424321696422
2021-05-01,151.16932233874826,138.90768268428616
2021-06-01,148.97961710841247,141.41079892250298
2021-07-01,142.42591306035814,141.54080839761772
2021-08-01,140.97494072777735,143.1490948006577
2021-09-01,141.29608909028414,144.1365748215297
2021-10-01,139.5147586996789,143.337829259923
2021-11-01,143.7518776188886,145.38932717790323
2021-12-01,147.2298783181341,149.86602325129434
2022-01-01,139.63796161228177,148.29249185627833
2022-02-01,137.8495135250759,150.84322740553762
2022-03-01,153.93085079425236,150.46306825037135
2022-04-01,157.66169217344412,152.37835769985364
2022-05-01,164.68936311408294,152.11179883083747
2022-06-01,161.45483428121688,154.2742604415249
2022-07-01,152.4453874358736,152.61462497882655
2022-08-01,151.4657389160671,151.58821866488825
2022-09-01,149.1743497052638,150.76162166948612
2022-10-01,146.55439616164583,148.98975163637644
2022-11-01,148.03049492950063,148.14110524181046
2022-12-01,146.1808063380422,148.61686289556908
2023-01-01,143.03462349513617,149.53638197645233
2023-02-01,137.26646276487486,150.2042105117583
2023-03-01,155.06501366861548,151.03523442820438
2023-04-01,150.05952685006818,147.54192655097015
2023-05-01,153.81085419210677,145.60872138350896
2023-06-01,152.59547604977195,145.9761982634973
2023-07-01,150.20312548725906,148.7085273235832
2023-08-01,151.92217936030693,150.0715602947967
2023-09-01,148.41237963226115,149.70616184019144
2023-10-01,147.5138130298927,147.83107824820434
2023-11-01,146.36635231698688,146.38154070926913
2023-12-01,139.34262727225266,142.9908931629124
2024-01-01,137.3733513104446,143.0574156896178
2024-02-01,133.4645058563633,143.8710263395235
2024-03-01,142.39572370020173,142.33397234616913
2024-04-01,147.25689959009534,141.09484926770605
2024-05-01,156.76909868641758,143.12009217669834
2024-06-01,147.35712222707485,143.33433573160545
2024-07-01,149.65170273202926,147.24503227828828
2024-08-01,147.28124857343758,147.9974800216081
2024-09-01,144.79669869183633,147.82869498844457
2024-10-01,148.10394119484172,149.10719503402422
2024-11-01,148.1787292147409,150.87021962285306
2024-12-01,148.67761603839233,151.44632488532656
2025-01-01,146.49668268147974,151.5509588186135
2025-02-01,141.40461912850864,153.4167608129367
2025-03-01,150.61008581723874,149.4556873103234
2025-04-01,158.93908938324,152.50837254398098
2025-05-01,165.07455518205356,152.4631812003061
2025-06-01,156.7892018243336,150.9735911041198
2025-07-01,153.77116990425543,151.54206663366895
2025-08-01,150.37619425875818,152.4776457529625
2025-09-01,151.70419952434997,153.22896887402936
2025-10-01,152.83405327528675,153.2613988120184
2025-11-01,147.96987570063345,152.95402275714395
2025-12-01,153.85227192618612,155.98934499695974
2026-01-01,149.48602043206023,155.985708376939
2026-02-01,139.34303476491058,152.58281982593593
2026-03-01,160.23744803364747,156.73695664033295
2026-04-01,162.3029965582245,154.60965986576048
2026-05-01,166.26832998733488,153.70189679546644
2026-06-01,161.7041890303425,154.11726382556031
2026-07-01,151.5541509337364,149.64792298456885
