fecha,nacional,gba,pampeana,noreste,noroeste,cuyo,patagonia
2016-12-01,100.0,100.0,100.0,100.0,100.0,100.0,100.0
2017-01-01,101.5859,101.313,101.7874,101.6727,101.6014,101.7074,102.5593
2017-02-01,103.6859,103.8085,103.5312,103.4617,103.7115,103.2652,104.2827
2017-03-01,106.1476,106.2627,105.8173,105.988,107.055,105.9238,106.5167
2017-04-01,108.9667,109.0613,108.6912,108.3473,109.9626,109.4506,108.6517
2017-05-01,110.5301,110.4607,110.3005,110.4331,111.636,111.3091,110.4897
2017-06-01,111.8477,111.9943,111.4058,111.9403,112.6924,112.4298,111.7051
2017-07-01,113.7852,113.9199,113.5783,113.3741,114.2857,114.0184,113.3785
2017-08-01,115.3819,115.6031,115.0905,114.6809,115.7385,115.5674,115.3036
2017-09-01,117.5719,117.9656,117.2947,116.1702,117.7781,117.5777,116.7945
2017-10-01,119.3528,119.4985,119.272,117.9026,119.9939,119.5964,118.7072
2017-11-01,120.994,120.8941,121.2004,119.696,121.506,121.4671,120.4376
2017-12-01,124.7956,125.0392,124.9703,122.2757,124.313,125.5295,123.4627
2018-01-01,126.9887,127.0147,127.3092,124.7172,126.6479,127.4142,126.6303
2018-02-01,130.0606,130.2913,130.294,127.2934,129.236,130.773,129.2057
2018-03-01,133.1054,133.5028,132.8261,130.3843,133.248,133.5455,133.2304
2018-04-01,136.7512,136.938,136.6295,133.8357,137.0205,138.0246,136.8583
2018-05-01,139.5893,139.58,139.6555,137.2536,140.178,140.5213,139.5783
2018-06-01,144.8053,145.0582,144.8408,141.5055,144.9444,145.6472,144.143
2018-07-01,149.2966,149.1178,149.6247,146.3416,149.9066,150.9503,148.7858
2018-08-01,155.1034,155.1747,155.2167,152.1739,155.8659,156.0822,154.2103
2018-09-01,165.2383,165.4903,165.0633,163.3,165.1776,166.7562,164.3327
2018-10-01,174.1473,173.8549,174.6171,171.25,173.9582,176.6713,173.8678
2018-11-01,179.6388,178.877,180.3503,176.4283,179.6479,183.1394,181.1502
2018-12-01,184.2552,183.9381,184.508,180.7718,183.718,187.7085,185.9051
2019-01-01,189.6101,189.1236,189.805,186.9737,189.6231,193.2068,191.5466
2019-02-01,196.7501,196.3597,196.6309,195.4282,197.617,200.5139,197.2864
2019-03-01,205.9571,205.7679,205.5131,205.486,207.2604,209.4128,205.753
2019-04-01,212.9596414,212.3524728,213.1170847,212.67801,214.7217744,216.3234224,212.954355
2019-05-01,219.5691,218.8793,219.3378,218.6002,223.0958,222.662,220.3443
2019-06-01,225.537,224.6105,225.5013,224.9806,229.3958,228.5075,226.4422
2019-07-01,230.494,229.4286,230.5038,229.1739,233.932,234.9103,232.2018
2019-08-01,239.6077,238.3069,239.3972,239.3993,243.6348,245.1846,242.0023
2019-09-01,253.7102,252.1482,253.889,254.215,257.8353,259.466,254.7349
2019-10-01,262.0661,260.2101,262.6467,262.608,265.2024,269.1257,262.9941
2019-11-01,273.2158,270.8019,274.4483,273.8915,275.4348,281.2769,274.9526
2019-12-01,283.4442,281.1775,284.3991,284.8112,285.5958,290.4687,286.376
2020-01-01,289.8299,286.4913,291.529,293.6216,292.5465,297.7698,293.5954
2020-02-01,295.666,291.737,298.0896,300.1475,297.8973,304.603,298.8202
2020-03-01,305.5515,302.2274,307.1512,310.58,309.1808,314.1219,306.5854
2020-04-01,310.1243,306.4483,311.6597,317.2318,317.1934,318.1874,308.4722
2020-05-01,314.9087,311.0922,316.5258,322.4571,322.5045,322.4709,313.3862
2020-06-01,321.9738,317.4661,324.5236,329.8942,329.6326,329.9792,319.4097
2020-07-01,328.2014,322.6791,331.4429,337.1583,335.8753,337.4552,328.1311
2020-08-01,337.0632,331.6957,340.159,345.0561,344.455,346.538,337.675
2020-09-01,346.6207,340.902,350.037,356.7869,352.4418,358.8958,345.3481
2020-10-01,359.657,353.0444,364.09,370.1522,366.7812,372.0342,357.3048
2020-11-01,371.0211,363.5381,376.3817,383.7668,378.17,383.7513,367.7392
2020-12-01,385.8826,377.0507,392.1591,405.0619,394.4702,400.1693,378.8585
2021-01-01,401.5071,389.4454,410.2886,422.54,416.2149,418.0148,394.4385
2021-02-01,415.8595,403.4854,424.4373,438.5825,429.9182,435.0785,409.6462
2021-03-01,435.8657,424.4539,444.913,453.1765,447.9105,453.9557,426.2375
2021-04-01,453.6503,441.8955,462.5053,471.9102,465.799,472.8822,446.4921
2021-05-01,468.725,456.7856,477.4449,486.7551,480.9157,490.0755,462.1838
2021-06-01,483.6049,470.784,492.929,500.6446,496.0324,507.2688,478.1109
2021-07-01,498.0987,485.3036,507.0547,515.5473,510.3946,523.5377,494.1249
2021-08-01,510.3942,497.9371,518.532,529.6604,522.5566,532.8443,510.9537
2021-09-01,528.4968,517.0425,536.214,544.6525,539.5962,548.1352,530.0859
2021-10-01,547.0802,536.5423,554.4476,563.832,556.8596,565.1606,545.2786
2021-11-01,560.9184,548.7073,570.0207,580.5865,571.6452,580.1379,557.2236
2021-12-01,582.4575,570.9981,590.0958,606.2078,594.7475,602.829,574.4506
2022-01-01,605.0317,593.4219,612.8039,626.964,618.7562,627.2454,595.088
2022-02-01,633.4341,620.5007,641.3956,658.0826,648.7805,661.1462,623.903
2022-03-01,676.0566,661.8688,683.9059,705.7838,692.6827,706.0617,670.3019
2022-04-01,716.9399,702.829,723.9509,748.3056,736.7727,747.3483,709.7623
2022-05-01,753.147,736.3637,762.1563,787.698,777.6674,786.3491,744.3162
2022-06-01,793.0278,776.6701,801.4471,826.4822,818.411,827.9972,782.142
2022-07-01,851.761,833.8894,861.702,861.702,873.5624,888.7017,845.0397
2022-08-01,911.1316,891.851,921.3802,955.6421,940.0434,946.058,899.4604
2022-09-01,967.3076,945.6836,979.0952,1021.0723,997.7785,1003.4171,954.6011
2022-10-01,1028.706,1007.6275,1039.2079,1084.624,1060.4604,1063.4948,1017.5863
2022-11-01,1079.2787,1058.0026,1090.4933,1133.7592,1108.8388,1115.8732,1067.4854
2022-12-01,1134.5875,1114.5359,1145.8755,1188.0619,1160.5028,1171.7081,1115.8852
2023-01-01,1202.979,1180.967,1215.4751,1255.1401,1233.9904,1246.1488,1181.5995
2023-02-01,1282.7091,1259.9952,1292.6662,1352.5571,1323.9654,1329.9144,1249.6345
2023-03-01,1381.1601,1358.4995,1393.7727,1437.0683,1421.13,1434.4221,1336.6514
2023-04-01,1497.2147,1475.1378,1512.803,1556.9071,1530.4512,1538.063,1445.0457
2023-05-01,1613.5895,1592.4496,1628.9716,1670.3598,1652.2346,1652.9055,1550.099
2023-06-01,1709.6115,1685.1612,1724.8611,1780.7632,1761.6308,1740.5995,1655.1801
2023-07-01,1818.0838,1789.4275,1835.8968,1892.223,1868.6534,1850.3918,1784.2535
2023-08-01,2044.2832,2008.8079,2060.6329,2160.5496,2124.297,2078.4831,2000.9692
2023-09-01,2304.9242,2253.4785,2330.0573,2440.4173,2404.2327,2362.3625,2280.9069
2023-10-01,2496.273,2447.565,2523.5826,2620.9032,2589.8147,2536.7667,2467.3877
2023-11-01,2816.0628,2763.435,2851.9487,2957.0559,2895.7169,2860.4043,2762.3076
2023-12-01,3533.1922,3456.6426,3584.8439,3795.525,3626.27,3599.7071,3433.7881
2024-01-01,4261.5324,4132.479,4344.9628,4535.8005,4413.6008,4402.1802,4264.4518
2024-02-01,4825.7881,4751.2725,4861.5493,5030.0152,4929.6047,4998.0445,4746.7686
2024-03-01,5357.0929,5296.8225,5409.8995,5550.383,5361.7677,5463.2378,5243.3122
2024-04-01,5830.2271,5785.5699,5884.0007,5899.3335,5849.8004,5908.4647,5686.5426
2024-05-01,6073.7,6034.4,6120.3,6119.4,6093.7424,6160.5766,5943.6
2024-06-01,6351.7145,6297.096,6410.2558,6387.565,6383.7684,6472.5963,6238.0032
2024-07-01,6607.7479,6551.322,6662.3273,6681.8247,6612.6868,6769.7854,6497.5651
2024-08-01,6883.4412,6822.4011,6922.6205,6973.5358,6946.3272,7075.603,6797.2162
2024-09-01,7122.2421,7076.041,7145.0798,7201.2697,7183.8907,7290.1216,7050.5061
2024-10-01,7313.9542,7275.6042,7328.3831,7385.7948,7367.1801,7453.7437,7278.5056
2024-11-01,7491.4314,7464.8667,7497.9411,7516.9946,7509.1195,7613.0943,7517.8953
2024-12-01,7694.0075,7678.7745,7687.276,7737.2547,7713.1412,7788.672,7717.0881
2025-01-01,7864.1257,7834.1477,7867.7709,7929.1117,7912.5281,7941.8472,7910.4797
2025-02-01,8052.9927,8009.2272,8064.853,8080.656,8116.2881,8154.0078,8164.2681
2025-03-01,8353.3158,8317.925,8356.1088,8333.4503,8467.6619,8441.2462,8434.2328
2025-04-01,8585.6078,8547.3129,8591.2047,8555.3175,8710.4114,8682.2113,8659.3943
2025-05-01,8714.4871,8675.5948,8725.94,8664.0131,8816.9664,8823.8855,8789.6656
2025-06-01,8855.5681,8851.2214,8840.1405,8755.8305,8924.3327,8909.2196,8949.9232
2025-07-01,9023.973,9016.5562,9016.3238,8905.132,9073.9428,9074.6511,9141.623
2025-08-01,9193.2441,9185.3068,9182.3487,9055.1527,9252.4989,9266.2277,9320.3353
2025-09-01,9384.0922,9377.7681,9366.761,9217.6682,9455.5666,9465.5075,9543.6369
2025-10-01,9603.8623,9602.5137,9584.145,9419.0224,9657.7445,9687.3328,9774.0954
2025-11-01,9841.3581,9840.8457,9821.3638,9642.9016,9879.6088,9960.8437,10001.4949
2025-12-01,10121.3715,10115.6707,10107.6074,9968.3824,10137.067,10255.4297,10258.6285
2026-01-01,10413.0309,10395.7458,10400.4968,10350.7115,10425.8507,10561.6315,10554.0348
2026-02-01,10714.6255,10667.6896,10714.2389,10676.7516,10795.0756,10921.6567,10868.5551
2026-03-01,11077.0608,11031.5404,11065.4568,11119.3596,11221.7466,11271.7383,11137.8047
2026-04-01,11363.0904,11336.5576,11330.2697,11423.3251,11506.6342,11511.107,11429.5989
2026-05-01,11607.3937,11594.5499,11556.8543,11725.5958,11747.5318,11750.0933,11622.7473
2026-06-01,11826.4103,11810.9464,11792.013,11951.8421,11943.1627,11937.3726,11811.1393
2026-07-01,12076.3937,12078.7372,12027.5347,12190.8218,12181.1952,12160.2347,12051.1073
2026-08-01,12276.766,12276.812,12223.9951,12404.6845,12397.9365,12360.9149,12265.2749
