provincia,codigo,poblacion_2022,superficie_km2
Ciudad Autónoma de Buenos Aires,B,3121707,202
Buenos Aires,A,17523996,307571
Catamarca,C,429562,102602
Chaco,D,1129606,99633
Chubut,E,592621,224686
Córdoba,G,3840905,165321
Corrientes,F,1212696,88199
Entre Ríos,H,1425578,78781
Formosa,I,607419,72066
Jujuy,J,811611,53219
La Pampa,K,361859,143440
La Rioja,L,383865,89680
Mendoza,M,2043540,148827
Misiones,N,1278873,29801
Neuquén,O,710814,94078
Río Negro,P,750768,203013
Salta,Q,1441351,155488
San Juan,R,822853,89651
San Luis,S,542069,76748
Santa Cruz,T,337226,243943
Santa Fe,U,3544908,133007
Santiago del Estero,V,1060906,136351
Tierra del Fuego,W,185732,21478
Tucumán,X,1731820,22524
