fecha,salarios_registrados
2015-10-01,74.44
2015-11-01,76.07
2015-12-01,77.29
2016-01-01,78.38
2016-02-01,79.42
2016-03-01,81.92
2016-04-01,85.3
2016-05-01,88.13
2016-06-01,89.83
2016-07-01,93.84
2016-08-01,96.42
2016-09-01,97.69
2016-10-01,100.0
2016-11-01,101.58
2016-12-01,102.69
2017-01-01,104.98
2017-02-01,105.97
2017-03-01,108.5
2017-04-01,112.14
2017-05-01,114.09
2017-06-01,116.51
2017-07-01,121.19
2017-08-01,123.43
2017-09-01,125.21
2017-10-01,127.4
2017-11-01,129.03
2017-12-01,129.86
2018-01-01,131.46
2018-02-01,132.44
2018-03-01,135.01
2018-04-01,138.77
2018-05-01,141.74
2018-06-01,143.67
2018-07-01,147.36
2018-08-01,151.61
2018-09-01,155.8
2018-10-01,162.24
2018-11-01,166.05
2018-12-01,169.29
2019-01-01,174.7
2019-02-01,179.37
2019-03-01,187.04
2019-04-01,191.67
2019-05-01,198.51
2019-06-01,203.34
2019-07-01,213.49
2019-08-01,218.63
2019-09-01,225.13
2019-10-01,233.0
2019-11-01,238.57
2019-12-01,243.4
2020-01-01,259.01
2020-02-01,269.36
2020-03-01,277.31
2020-04-01,277.45
2020-05-01,277.54
2020-06-01,278.62
2020-07-01,282.07
2020-08-01,286.56
2020-09-01,293.84
2020-10-01,307.22
2020-11-01,314.4
2020-12-01,320.32
2021-01-01,331.43
2021-02-01,346.94
2021-03-01,364.98
2021-04-01,378.18
2021-05-01,390.62
2021-06-01,400.52
2021-07-01,422.41
2021-08-01,436.4
2021-09-01,456.77
2021-10-01,473.64
2021-11-01,491.89
2021-12-01,501.16
2022-01-01,521.3
2022-02-01,538.72
2022-03-01,580.53
2022-04-01,606.82
2022-05-01,648.39
2022-06-01,680.14
2022-07-01,721.44
2022-08-01,770.07
2022-09-01,820.02
2022-10-01,865.46
2022-11-01,923.98
2022-12-01,981.09
2023-01-01,1023.66
2023-02-01,1082.99
2023-03-01,1200.76
2023-04-01,1270.68
2023-05-01,1375.74
2023-06-01,1455.78
2023-07-01,1626.33
2023-08-01,1747.82
2023-09-01,1964.34
2023-10-01,2138.81
2023-11-01,2335.04
2023-12-01,2546.2
2024-01-01,2985.0
2024-02-01,3415.26
2024-03-01,3768.21
2024-04-01,4162.57
2024-05-01,4490.03
2024-06-01,4749.88
2024-07-01,5054.69
2024-08-01,5303.03
2024-09-01,5505.4
2024-10-01,5729.85
2024-11-01,5907.43
2024-12-01,6051.9
2025-01-01,6164.38
2025-02-01,6349.04
2025-03-01,6509.23
2025-04-01,6668.41
2025-05-01,6828.33
2025-06-01,6936.6
2025-07-01,7089.73
2025-08-01,7261.51
2025-09-01,7355.64
2025-10-01,7504.02
2025-11-01,7639.72
2025-12-01,7794.68
2026-01-01,7952.81
2026-02-01,8096.38
2026-03-01,8341.11
2026-04-01,8628.95
2026-05-01,8787.6
2026-06-01,9000.1
2026-07-01,9223.92
