fecha,soja_t
1941-01-01,1241.0
1942-01-01,3223.0
1943-01-01,1173.0
1944-01-01,473.0
1945-01-01,268.0
1946-01-01,572.0
1947-01-01,477.0
1948-01-01,362.0
1949-01-01,442.0
1950-01-01,674.0
1951-01-01,666.0
1952-01-01,961.0
1953-01-01,632.0
1954-01-01,483.0
1955-01-01,515.0
1956-01-01,1430.0
1957-01-01,584.0
1958-01-01,805.0
1959-01-01,831.0
1960-01-01,957.0
1961-01-01,11220.0
1962-01-01,18920.0
1963-01-01,14000.0
1964-01-01,17000.0
1965-01-01,18001.0
1966-01-01,20500.0
1967-01-01,22000.0
1968-01-01,31800.0
1969-01-01,26800.0
1970-01-01,59000.0
1971-01-01,78000.0
1972-01-01,271904.0
1973-01-01,495880.0
1974-01-01,485000.0
1975-01-01,695000.0
1976-01-01,1400000.0
1977-01-01,2500000.0
1978-01-01,3700000.0
1979-01-01,3500000.0
1980-01-01,3770000.0
1981-01-01,4150000.0
1982-01-01,4000000.0
1983-01-01,7000000.0
1984-01-01,6500000.0
1985-01-01,7100000.0
1986-01-01,6666400.0
1987-01-01,9900000.0
1988-01-01,6500000.0
1989-01-01,10700000.0
1990-01-01,10861200.0
1991-01-01,11308100.0
1992-01-01,11043400.0
1993-01-01,11719900.0
1994-01-01,12133000.0
1995-01-01,12448200.0
1996-01-01,11004890.0
1997-01-01,18732172.0
1998-01-01,20000000.0
1999-01-01,20131510.0
2000-01-01,27266252.0
2001-01-01,29962194.0
2002-01-01,34785121.0
2003-01-01,31560148.0
2004-01-01,38287103.0
2005-01-01,40489266.0
2006-01-01,47431082.0
2007-01-01,46150651.0
2008-01-01,30945404.0
2009-01-01,53247361.0
2010-01-01,48846100.0
2011-01-01,40097644.0
2012-01-01,49117029.0
2013-01-01,53398720.0
2014-01-01,61398276.0
2015-01-01,59095247.0
2016-01-01,54972546.0
2017-01-01,37785927.0
2018-01-01,55263891.0
2019-01-01,48780412.0
2020-01-01,46217911.0
2021-01-01,43861066.0
2022-01-01,25044982.0
2023-01-01,48213216.0
2024-01-01,51107839.0
